chr,beta,id,snp
1,0.0377068,met-d-M_HDL_P,rs140584594
1,-0.0402826,met-d-M_HDL_P,rs3768321
1,0.0353356,met-d-M_HDL_P,rs2642438
1,-0.0445286,met-d-M_HDL_P,rs583104
1,-0.105095,met-d-M_HDL_P,rs193084249
1,-0.0265601,met-d-M_HDL_P,rs61805076
1,0.050725,met-d-M_HDL_P,rs1321257
1,-0.0459175,met-d-M_HDL_P,rs638714
1,0.0368507,met-d-M_HDL_P,rs267738
1,0.0208489,met-d-M_HDL_P,rs3795269
2,-0.0385437,met-d-M_HDL_P,rs1260326
2,-0.0275293,met-d-M_HDL_P,rs35135293
2,-0.025831,met-d-M_HDL_P,rs1047891
2,0.0618443,met-d-M_HDL_P,rs676210
2,-0.0286702,met-d-M_HDL_P,rs2176040
2,0.0214196,met-d-M_HDL_P,rs10184004
3,-0.0218115,met-d-M_HDL_P,rs28818616
4,-0.06806,met-d-M_HDL_P,rs13107325
6,0.0261551,met-d-M_HDL_P,rs9471972
6,-0.0352205,met-d-M_HDL_P,rs112495680
6,-0.035384,met-d-M_HDL_P,rs36057735
6,-0.0220622,met-d-M_HDL_P,rs9491697
6,0.0226504,met-d-M_HDL_P,rs9274346
7,-0.0240463,met-d-M_HDL_P,rs7783857
8,0.100539,met-d-M_HDL_P,rs4240624
8,0.086365,met-d-M_HDL_P,rs15285
8,-0.127997,met-d-M_HDL_P,rs139915535
8,0.0340354,met-d-M_HDL_P,rs2245221
8,-0.068054,met-d-M_HDL_P,rs59347135
8,0.0290432,met-d-M_HDL_P,rs7388248
9,-0.0431628,met-d-M_HDL_P,rs2740488
9,0.0318851,met-d-M_HDL_P,rs2066714
9,0.0541501,met-d-M_HDL_P,rs11789603
9,0.0381672,met-d-M_HDL_P,rs686030
10,-0.0396145,met-d-M_HDL_P,rs2792735
10,-0.037992,met-d-M_HDL_P,rs60847460
10,-0.0335636,met-d-M_HDL_P,rs148063610
11,-0.0351399,met-d-M_HDL_P,rs174578
11,-0.123398,met-d-M_HDL_P,rs144018203
11,0.0711287,met-d-M_HDL_P,rs625145
11,-0.0661679,met-d-M_HDL_P,rs559355
11,-0.0357589,met-d-M_HDL_P,rs35184771
11,-0.0422665,met-d-M_HDL_P,rs112771035
12,-0.0376054,met-d-M_HDL_P,rs838876
12,-0.0231855,met-d-M_HDL_P,rs7956099
12,0.0209558,met-d-M_HDL_P,rs7959043
12,-0.0547007,met-d-M_HDL_P,rs61941676
12,0.0299144,met-d-M_HDL_P,rs6606717
12,0.0236758,met-d-M_HDL_P,rs2229357
14,-0.021954,met-d-M_HDL_P,rs2494748
14,-0.0212585,met-d-M_HDL_P,rs941507
15,0.0305742,met-d-M_HDL_P,rs12904367
15,-0.0974243,met-d-M_HDL_P,rs2043085
15,0.102849,met-d-M_HDL_P,rs1077835
16,0.169955,met-d-M_HDL_P,rs3764261
16,-0.139996,met-d-M_HDL_P,rs75911530
16,0.0300352,met-d-M_HDL_P,rs2925979
16,-0.0236885,met-d-M_HDL_P,rs8058512
16,-0.0669849,met-d-M_HDL_P,rs4986970
17,-0.130679,met-d-M_HDL_P,rs72836561
17,-0.0539878,met-d-M_HDL_P,rs112001035
17,-0.029521,met-d-M_HDL_P,rs967645
17,0.0215537,met-d-M_HDL_P,rs4969141
18,0.321644,met-d-M_HDL_P,rs77960347
18,0.133087,met-d-M_HDL_P,rs117687565
18,-0.0904355,met-d-M_HDL_P,rs62101704
18,0.095502,met-d-M_HDL_P,rs9304381
19,-0.120364,met-d-M_HDL_P,rs737338
19,0.1388,met-d-M_HDL_P,rs1065853
19,0.051645,met-d-M_HDL_P,rs12977604
19,0.0305728,met-d-M_HDL_P,rs76213248
19,0.0259216,met-d-M_HDL_P,rs2781752
19,0.025799,met-d-M_HDL_P,rs12976739
20,-0.118863,met-d-M_HDL_P,rs1800961
20,0.0367066,met-d-M_HDL_P,rs4239651
20,-0.0315743,met-d-M_HDL_P,rs2236252
20,-0.025863,met-d-M_HDL_P,rs3859588
21,-0.0212902,met-d-M_HDL_P,rs235314
22,-0.0414489,met-d-M_HDL_P,rs2298428
